Name,Category,Day,NrOfSegments(Russ),NrOfBranchingPoints(Russ),NrOfLoops,NrOfLoopsNormalised,NrOfLoops/Segment,NrOfLoops/SegmentNormalised,NrOfLoopsI1,NrOfLoopsI2,NrOfLoopsI3,NrOfLoopsI4,NrOfLoopsI5,NrOfLoopsI1Normalised,NrOfLoopsI2Normalised,NrOfLoopsI3Normalised,NrOfLoopsI4Normalised,NrOfLoopsI5Normalised,NrOfLoopsI1/Segment,NrOfLoopsI2/Segment,NrOfLoopsI3/Segment,NrOfLoopsI4/Segment,NrOfLoopsI5/Segment,NrOfLoopsI1Normalised/Segment,NrOfLoopsI2Normalised/Segment,NrOfLoopsI3Normalised/Segment,NrOfLoopsI4Normalised/Segment,NrOfLoopsI5Normalised/Segment,NrOfShortBars,NrOfShortBars/Segment,NrOfShortBarsNormalised,NrOfShortBars/SegmentNormalised,MedianPersistenceDim2,MedianPersistenceDim2Normalised,Radius1000,Radius,RadiusNormalised,CountNormalised,AvgDiameterNormalised,MaxDiameterNormalised,AvgLengthNormalised,MaxLengthNormalised,AvgClrNormalised,AvgSOAMNormalised,LengthDiamRatioNormalised,NrOfSegments(Russ)Normalised,NrOfBranchingPoints(Russ)Normalised
34_2A,Control,0,1654,1727,97,1,0.058645707,1,11,55,25,2,4,1,1,,,,0.0809,0.0652,0.0403,0.0021,0.0058,1,1,1,1,1,1081,0.6536,1,1,0.874,1,3.0082,3008.2,1,1,1,1,1,1,1,1,1,1,1
34_2A,Control,1,2346,2388,133,1.371134021,0.056692242,0.966690401,18,42,47,21,5,1.636363636,0.763636364,1.88,10.5,1.25,0.0659,0.0397,0.0431,0.0171,0.0045,0.814585909,0.608895706,1.069478908,8.142857143,0.775862069,1430,0.6095,1.322849214,0.9326,0.91,1.041189931,2.7738,2773.8,0.922079649,1.618208517,1.008138188,1.066230901,1.065809271,1.215791796,0.986016869,0.964964234,1.057205534,1.418379686,1.382744644
34_2A,Control,2,2632,2705,151,1.556701031,0.057370821,0.978261222,21,57,56,15,2,1.909090909,1.036363636,2.24,7.5,0.5,0.1014,0.0666,0.0456,0.0115,0.0015,1.253399258,1.021472393,1.131513648,5.476190476,0.25862069,1550,0.5889,1.433857539,0.9011,0.82,0.938215103,3.2562,3256.2,1.082441327,1.665198238,0.967210241,1.116716694,1.024360054,1.091454491,1.013799464,0.940808284,1.05908727,1.591293833,1.566299942
34_2A,Control,3,5481,5460,390,4.020618557,0.071154899,1.213301069,63,123,139,48,17,5.727272727,2.236363636,5.56,24,4.25,0.1394,0.0919,0.0563,0.0183,0.006,1.723114957,1.409509202,1.397022333,8.714285714,1.034482759,2537,0.4629,2.346901018,0.7082,0.78,0.892448513,3.454,3454,1.148194934,3.927312775,1.017362174,1.503689144,1.088543283,1.266367083,1.026811351,0.917226238,1.069966341,3.313784764,3.161551824
34_2A,Control,4,6652,6628,466,4.804123711,0.070054119,1.194531068,60,107,128,146,25,5.454545455,1.945454545,5.12,73,6.25,0.1567,0.0895,0.0623,0.0451,0.0081,1.936959209,1.372699387,1.545905707,21.47619048,1.396551724,2407,0.3618,2.226641998,0.5535,0.5775,0.660755149,4.1301,4130.1,1.372947277,5.237885463,1.069632177,1.666748516,1.107520518,1.107269801,1.059096231,0.897248265,1.035421841,4.021765417,3.837869137
18_4E,Control,0,432,587,8,1,0.018518519,0.396873948,2,2,3,0,1,1,1,1,NA,1,0.0408,0.0131,0.0138,0,0.0041,1,1,1,NA,1,272,0.6296,1,1,0.7,1,2.3227,2322.7,1,1,1,1,1,1,1,1,1,1,1
18_4E,Control,1,646,863,13,1.625,0.020123839,0.43127787,2,4,5,2,0,1,2,1.666666667,NA,0,0.0227,0.0194,0.0159,0.0063,0,0.556372549,1.480916031,1.152173913,NA,0,408,0.6316,1.5,1.0031,0.76,1.085714286,2.7122,2712.2,1.167692771,1.49537037,1.126729579,1.223612559,1.034164366,1.215969006,1.029297615,1.042953122,0.917846115,1.49537037,1.470187394
18_4E,Control,2,2336,2517,109,13.625,0.046660959,1,13,12,24,40,20,6.5,6,8,NA,20,0.0387,0.0117,0.0191,0.0372,0.0159,0.948529412,0.893129771,1.384057971,NA,3.87804878,1317,0.5638,4.841911765,0.8954,0.8,1.142857143,4.1365,4136.5,1.780901537,5.407407407,1.217618949,3.617214902,0.948230785,1.156977573,1.04658709,1.00435608,0.778758236,5.407407407,4.2879046
18_4E,Control,3,2081,2075,129,16.125,0.061989428,1.328507372,12,30,30,40,17,6,15,10,NA,17,0.0816,0.0592,0.035,0.035,0.0181,2,4.519083969,2.536231884,NA,4.414634146,1539,0.7395,5.658088235,1.1746,0.85,1.214285714,2.7203,2720.3,1.171180092,4.81712963,1.360432549,2.01433274,1.015123909,1.651069978,1.021444809,1.014440196,0.746177317,4.81712963,3.534923339
18_4E,Control,4,7643,7391,556,69.5,0.072746304,1.559040053,55,113,163,187,38,27.5,56.5,54.33333333,NA,38,0.0569,0.0382,0.0385,0.0549,0.009,1.394607843,2.916030534,2.789855072,NA,2.195121951,3349,0.4382,12.3125,0.6959,0.82,1.171428571,5.0336,5033.6,2.167133078,17.69212963,1.290942495,3.482359142,0.972793751,1.608277462,1.036752517,0.994586484,0.753553124,17.69212963,12.5911414
18_4I,Control,0,2322,2840,87,1,0.0374677,1,5,6,26,46,4,1,1,1,1,1,0.1,0.0174,0.0306,0.0421,0.0037,1,1,1,1,1,1106,0.4763,1,1,0.92,1,3.6014,3601.4,1,1,1,1,1,1,1,1,1,1,1
18_4I,Control,1,2424,2966,79,0.908045977,0.032590759,0.869836126,20,22,12,10,15,0.090909091,0.053097345,0.159509202,0.245989305,0.105263158,0.1258,0.0316,0.014,0.0074,0.0139,1.258,1.816091954,0.45751634,0.175771971,3.756756757,1132,0.467,1.023508137,0.9804,0.803,0.872826087,3.5075,3507.5,0.973926806,0.904834412,1.120329704,1.104109604,1.03946638,0.961567871,0.978161428,1.027759941,0.927821851,1.043927649,1.044366197
18_4I,Control,2,2473,2878,70,0.804597701,0.028305702,0.755469431,15,17,11,24,3,0.363636364,0.194690265,0.073619632,0.053475936,0.394736842,0.0694,0.027,0.009,0.0218,0.0022,0.694,1.551724138,0.294117647,0.517814727,0.594594595,1245,0.5034,1.125678119,1.0569,0.82,0.891304348,3.7663,3766.3,1.045787749,0.883897982,0.972336468,1.063808243,1.051308979,1.665263605,1.003118782,0.971619123,1.081219324,1.065030146,1.013380282
18_4I,Control,3,2537,2803,136,1.563218391,0.053606622,1.430742266,19,45,49,19,4,0.272727273,0.150442478,0.067484663,0.128342246,0.078947368,0.1377,0.0717,0.0475,0.016,0.003,1.377,4.120689655,1.552287582,0.380047506,0.810810811,1316,0.5187,1.189873418,1.089,0.86,0.934782609,4.1117,4111.7,1.141694896,0.792158356,1.265544714,1.025499657,1.165675035,1.39444214,0.987489243,0.960195477,0.921085618,1.092592593,0.986971831
18_4I,Control,4,4593,4802,291,3.344827586,0.063357283,1.690984048,24,73,85,75,34,0.345454545,0.398230088,0.300613497,0.101604278,0.105263158,0.1137,0.0897,0.054,0.0347,0.0144,1.137,5.155172414,1.764705882,0.824228029,3.891891892,1788,0.3893,1.616636528,0.8173,0.68,0.739130435,4.193,4193,1.164269451,0.922725542,0.970505477,0.812387325,1.166303885,1.247635936,1.037016173,0.915450923,1.201748895,1.978036176,1.69084507
24_2C,Control,0,4002,3982,270,1,0.067466267,1,19,115,113,20,3,1,1,1,1,1,0.0905,0.0879,0.0529,0.0109,0.0014,1,1,1,1,1,2326,0.5812,1,1,0.72,1,3.7336,3733.6,1,1,1,1,1,1,1,1,1,1,1
24_2C,Control,1,2715,2841,133,0.492592593,0.048987109,0.726097814,25,38,64,4,2,1.315789474,0.330434783,0.566371681,0.2,0.666666667,0.1282,0.0428,0.0403,0.0036,0.0013,1.416574586,0.486916951,0.761814745,0.330275229,0.928571429,1863,0.6862,0.80094583,1.1806,0.91,1.263888889,3.6053,3605.3,0.965636383,0.678410795,1.084065911,1.906279844,1.085236185,1.584040498,0.990947677,0.996175637,1.001079523,0.678410795,0.713460573
24_2C,Control,2,2067,2196,127,0.47037037,0.061441703,0.910702574,40,47,25,14,1,2.105263158,0.408695652,0.221238938,0.7,0.333333333,0.1064,0.0572,0.026,0.0127,0.001,1.175690608,0.650739477,0.491493384,1.165137615,0.714285714,1107,0.5356,0.475924334,0.9215,0.52,0.722222222,3.8401,3840.1,1.028524748,0.516491754,0.992050011,0.932665253,1.027813166,1.215614591,1.047134025,0.982161694,1.036049751,0.516491754,0.551481668
24_2C,Control,3,2977,2908,253,0.937037037,0.084984884,1.259664834,42,76,90,34,11,2.210526316,0.660869565,0.796460177,1.7,3.666666667,0.1148,0.0717,0.07,0.0232,0.0073,1.268508287,0.815699659,1.323251418,2.128440367,5.214285714,1394,0.4683,0.599312124,0.8057,0.72,1,3.7039,3703.9,0.992045211,0.743878061,1.036958198,0.690177287,0.996245371,1.309675989,1.021027302,1.012162367,0.960738218,0.743878061,0.730286288
24_2C,Control,4,5888,5635,NA,NA,NA,NA,NA,NA,NA,NA,NA,NA,NA,NA,NA,NA,NA,NA,NA,NA,NA,NA,NA,NA,NA,NA,NA,NA,NA,NA,NA,NA,NA,NA,NA,NA,NA,NA,NA,NA,NA,NA,NA,NA,NA
29_1B,Control,0,997,1245,39,1,0.039117352,1,2,5,2,24,6,1,1,1,1,1,0.2857,0.0526,0.0091,0.0423,0.0147,1,1,1,1,1,705,0.7071,1,1,0.733,1,3.1277,3127.7,1,1,1,1,1,1,1,1,1,1,1
29_1B,Control,1,3049,3304,165,4.230769231,0.054116104,1.383429635,6,29,42,67,21,3,5.8,21,2.791666667,3.5,0.0357,0.0479,0.0459,0.0394,0.0161,0.124956248,0.910646388,5.043956044,0.93144208,1.095238095,1771,0.5808,2.512056738,0.8214,0.73,0.995907231,3.48,3480,1.11263868,2.402124431,0.855528587,0.869594861,0.955689049,0.966219217,1.025642496,0.9625359,1.11707436,3.058174524,2.653815261
29_1B,Control,2,3783,4073,213,5.461538462,0.05630452,1.439374526,30,76,66,31,10,15,15.2,33,1.291666667,1.666666667,0.2174,0.0888,0.0468,0.0162,0.0055,0.760938047,1.688212928,5.142857143,0.382978723,0.37414966,2052,0.5424,2.910638298,0.7671,0.85,1.159618008,4.0122,4012.2,1.282795665,6.040971168,1.018554445,1.343620243,0.895816377,0.901518438,1.016195079,0.990771405,0.879497784,3.794383149,3.271485944
29_1B,Control,3,8476,8437,561,14.38461538,0.066186881,1.692008217,69,161,177,120,34,34.5,32.2,88.5,5,5.666666667,0.1769,0.0896,0.057,0.0288,0.0081,0.619180959,1.703422053,6.263736264,0.680851064,0.551020408,4775,0.5634,6.773049645,0.7967,1.12,1.527967258,4.1911,4191.1,1.339994245,13.96813354,0.985204342,1.265201651,0.94671983,1.111044926,1.017846676,0.931497472,0.960937534,8.501504514,6.776706827
29_1B,Control,4,10060,10023,710,18.20512821,0.070576541,1.804225935,57,171,244,219,19,28.5,34.2,122,9.125,3.166666667,0.3585,0.0882,0.0689,0.0382,0.0044,1.254812741,1.676806084,7.571428571,0.903073286,0.299319728,5269,0.5238,7.473758865,0.7408,1.18,1.609822647,4.2286,4228.6,1.351983886,17.23520486,0.958451481,1.262995334,0.904460664,1.032566544,1.026619881,0.959707431,0.943668701,10.09027081,8.05060241
18_2C,Control,0,747,1005,19,1,0.025435074,1,4,8,4,1,2,1,1,1,1,1,0.0645,0.0365,0.011,0.0031,0.0047,1,1,1,1,1,339,0.4538,1,1,0.53,1,3.3957,3395.7,1,1,1,1,1,1,1,1,1,1,1
18_2C,Control,1,1024,1341,33,1.736842105,0.032226563,1.267012748,6,10,5,0,12,1.5,1.25,1.25,0,6,0.0476,0.0234,0.0133,0,0.0288,0.737984496,0.64109589,1.209090909,0,6.127659574,415,0.4053,1.224188791,0.893,0.6,1.132075472,3.976,3976,1.170892599,1.3708166,1.061732421,1.962179571,1.034177909,0.943759597,1.019415526,0.980497148,0.974047594,1.3708166,1.334328358
18_2C,Control,2,1363,1650,37,1.947368421,0.027146001,1.067266445,8,13,5,10,1,2,1.625,1.25,10,0.5,0.0519,0.0316,0.0088,0.0136,0.0016,0.804651163,0.865753425,0.8,4.387096774,0.340425532,595,0.4365,1.755162242,0.9619,0.53,1,3.4896,3489.6,1.027652619,1.824631861,1.125533798,0.949238073,1.106090096,1.135700156,1.053445107,0.943110894,0.982724906,1.824631861,1.641791045
18_2C,Control,3,2133,2281,123,6.473684211,0.05766526,2.267155189,33,31,30,15,14,8.25,3.875,7.5,15,7,0.1364,0.047,0.0313,0.0146,0.0127,2.114728682,1.287671233,2.845454545,4.709677419,2.70212766,930,0.436,2.743362832,0.9608,0.54,1.018867925,3.5246,3524.6,1.037959773,2.855421687,1.246781613,1.034799646,1.098160405,1.621993975,1.056617435,0.930732156,0.880796118,2.855421687,2.269651741
18_2C,Control,4,3443,3429,250,13.15789474,0.072611095,2.854762483,34,99,74,27,16,8.5,12.375,18.5,27,8,0.1046,0.0927,0.0464,0.0167,0.0088,1.621705426,2.539726027,4.218181818,5.387096774,1.872340426,1677,0.4871,4.946902655,1.0734,0.57,1.075471698,3.7153,3715.3,1.094119033,4.609103079,1.408717061,1.254292913,1.051675619,1.198648009,1.045737514,0.946313716,0.746548507,4.609103079,3.411940299
60_2A,Control,0,1839,2195,53,1,0.028820011,1,12,6,19,9,7,1,1,1,1,1,0.0714,0.0125,0.0252,0.0092,0.0081,1,1,1,1,1,1036,0.5633,1,1,0.77,1,3.2741,3274.1,1,1,1,1,1,1,1,1,1,1,1
60_2A,Control,1,1545,1794,48,0.905660377,0.031067961,1.077999623,4,25,15,2,2,0.333333333,4.166666667,0.789473684,0.222222222,0.285714286,0.0312,0.0335,0.0226,0.0024,0.0029,0.43697479,2.68,0.896825397,0.260869565,0.358024691,730,0.4725,0.704633205,0.8387,0.65,0.844155844,4.0103,4010.3,1.224855686,0.840130506,1.126541527,1.010276296,1.068077615,1.171562467,1.013341688,1.010580059,0.94810319,0.840130506,0.817312073
60_2A,Control,2,1665,1984,65,1.226415094,0.039039039,1.354580989,7,15,25,9,9,0.583333333,2.5,1.315789474,1,1.285714286,0.0673,0.0248,0.034,0.0101,0.0117,0.942577031,1.984,1.349206349,1.097826087,1.444444444,666,0.4,0.642857143,0.71,0.7,0.909090909,4.6208,4620.8,1.411319141,0.905383361,1.217880978,1.520801095,1.122007001,1.03377969,1.046215882,0.998056834,0.92127804,0.905383361,0.903872437
60_2A,Control,3,1717,1845,94,1.773584906,0.054746651,1.899605486,15,47,24,5,3,1.25,7.833333333,1.263157895,0.555555556,0.428571429,0.1948,0.0614,0.032,0.0055,0.0037,2.728291317,4.912,1.26984127,0.597826087,0.456790123,674,0.3925,0.650579151,0.6968,0.6,0.779220779,4.7165,4716.5,1.440548548,0.933659598,1.336500421,1.648547232,1.177308075,1.659266011,1.05023442,0.966122063,0.880888667,0.933659598,0.840546697
60_2A,Control,4,7547,7131,682,12.86792453,0.090367033,3.135565528,34,141,196,223,88,2.833333333,23.5,10.31578947,24.77777778,12.57142857,0.1206,0.1126,0.0764,0.0595,0.0231,1.68907563,9.008,3.031746032,6.467391304,2.851851852,2717,0.36,2.622586873,0.6391,0.844,1.096103896,4.5723,4572.3,1.39650591,4.103860794,1.509734393,2.462323289,1.120998157,1.375878741,1.017047503,0.980257457,0.742513493,4.103860794,3.248747153
33_2I,DC101,0,1016,1182,46,1,0.045275591,1,14,24,1,4,3,1,1,1,1,1,0.1273,0.0446,0.0033,0.0062,0.0081,1,1,1,1,1,518,0.5098,1,1,0.88,1,3.1169,3116.9,1,1,1,1,1,1,1,1,1,1,1
33_2I,DC101,1,1030,1211,43,0.934782609,0.041747573,0.922076821,2,7,15,15,4,0.142857143,0.291666667,15,3.75,1.333333333,0.0769,0.022,0.0321,0.0284,0.008,0.604084839,0.493273543,9.727272727,4.580645161,0.987654321,546,0.5301,1.054054054,1.0397,0.9,1.022727273,3.3906,3390.6,1.087811608,1.013779528,1.001600592,1.170666855,1.171417162,1.416565623,1.029472001,0.892474002,1.169545197,1.013779528,1.024534687
33_2I,DC101,2,509,643,12,0.260869565,0.023575639,0.520714108,0,2,4,6,0,0,0.083333333,4,1.5,0,0,0.0206,0.0171,0.0262,0,0,0.461883408,5.181818182,4.225806452,0,226,0.444,0.436293436,0.8709,1,1.136363636,2.7822,2782.2,0.892617665,0.500984252,0.887695895,0.977949403,1.218629996,1.346359185,1.058240637,0.852483312,1.372801206,0.500984252,0.543993232
33_2I,DC101,3,813,1008,23,0.5,0.028290283,0.624846244,1,8,9,3,2,0.071428571,0.333333333,9,0.75,0.666666667,0.25,0.0402,0.0231,0.0086,0.0043,1.963864886,0.901345291,7,1.387096774,0.530864198,380,0.4674,0.733590734,0.9168,1.22,1.386363636,3.6645,3664.5,1.175687382,0.80019685,1.006696456,1.053938969,1.195446341,1.238582093,1.031975026,0.9300685,1.187494338,0.80019685,0.852791878
33_2I,DC101,4,546,652,25,0.543478261,0.045787546,1.011307528,3,10,8,2,2,0.214285714,0.416666667,8,0.5,0.666666667,0.12,0.0373,0.053,0.006,0.0095,0.942655145,0.83632287,16.06060606,0.967741935,1.172839506,278,0.5092,0.536679537,0.9987,0.8275,0.940340909,3.6506,3650.6,1.171227823,0.537401575,1.178955287,1.148451198,1.143331074,1.167590682,1.011550724,0.981140162,0.969783236,0.537401575,0.551607445
51_2C,DC101,0,6033,5662,508,1,0.084203547,1,56,120,145,153,34,1,1,1,1,1,0.1302,0.0891,0.0629,0.0491,0.0117,1,1,1,1,1,3204,0.5311,1,1,0.75,1,3.0867,3086.7,1,1,1,1,1,1,1,1,1,1,1
51_2C,DC101,1,8986,8321,825,1.624015748,0.091809481,1.090327953,81,159,189,304,92,1.446428571,1.325,1.303448276,1.986928105,2.705882353,0.1841,0.0954,0.0674,0.064,0.0218,1.413978495,1.070707071,1.07154213,1.303462322,1.863247863,4160,0.4629,1.298377029,0.8717,0.76,1.013333333,3.3333,3333.3,1.079891146,1.489474557,1.019113062,0.751595432,1.027506328,0.909004899,1.010766723,0.983820598,1.008235854,1.489474557,1.469622042
51_2C,DC101,2,4654,4427,430,0.846456693,0.09239364,1.097265416,34,112,141,105,38,0.607142857,0.933333333,0.972413793,0.68627451,1.117647059,0.1441,0.1145,0.0727,0.046,0.016,1.106758833,1.285072952,1.155802862,0.936863544,1.367521368,1999,0.4295,0.623907615,0.8088,0.5805,0.774,3.5616,3561.6,1.15385363,0.771423836,1.0688901,1.021641642,1.164768362,1.036758664,1.061061077,0.906863656,1.089698896,0.771423836,0.781879195
51_2C,DC101,3,2772,2790,195,0.383858268,0.07034632,0.83543179,16,58,50,50,21,0.285714286,0.483333333,0.344827586,0.326797386,0.617647059,0.0865,0.0755,0.044,0.0332,0.0166,0.664362519,0.847362514,0.699523052,0.676171079,1.418803419,1556,0.5613,0.485642946,1.057,0.73,0.973333333,3.7394,3739.4,1.2114556,0.459472899,1.221364632,1.168833472,1.341711765,1.230102245,1.074102431,0.883927893,1.098534975,0.459472899,0.492758742
51_2C,DC101,4,726,848,39,0.076771654,0.053719008,0.637966094,18,15,5,0,1,0.321428571,0.125,0.034482759,0,0.029411765,0.125,0.051,0.0134,0,0.0024,0.960061444,0.572390572,0.213036566,0,0.205128205,375,0.5165,0.117041199,0.9726,0.7,0.933333333,4.56,4560,1.477305861,0.12033814,1.296597379,1.014490003,1.409331765,0.7358401,1.047713875,0.947206753,1.086946332,0.12033814,0.149770399
51_3A,DC101,0,3315,3449,175,1,0.052790347,1,28,38,75,31,3,1,1,1,1,1,0.1547,0.0395,0.0486,0.0182,0.0019,1,1,1,1,1,1916,0.578,1,1,0.68,1,3.1933,3193.3,1,1,1,1,1,1,1,1,1,1,1
51_3A,DC101,1,5230,5149,343,1.96,0.065583174,1.242332694,26,83,99,104,31,0.928571429,2.184210526,1.32,3.35483871,10.33333333,0.0598,0.0493,0.0407,0.039,0.0121,0.386554622,1.248101266,0.83744856,2.142857143,6.368421053,2706,0.5174,1.412317328,0.8952,0.7595,1.116911765,3.5267,3526.7,1.1044061,1.577677225,0.982068907,1.171029989,1.028184664,1.399360133,0.997547025,0.964685952,1.04695776,1.577677225,1.492896492
51_3A,DC101,2,2613,2652,182,1.04,0.069651741,1.319402977,21,41,83,27,10,0.75,1.078947368,1.106666667,0.870967742,3.333333333,0.1243,0.0527,0.0689,0.0221,0.0072,0.803490627,1.334177215,1.417695473,1.214285714,3.789473684,1029,0.3938,0.537056367,0.6813,0.6,0.882352941,3.6097,3609.7,1.130398021,0.788235294,1.056744723,1.117790034,1.121722752,1.660758266,1.029885369,0.927646676,1.061488861,0.788235294,0.768918527
51_3A,DC101,3,1813,1844,109,0.622857143,0.060121346,1.138870067,15,23,42,23,6,0.535714286,0.605263158,0.56,0.741935484,2,0.1531,0.0375,0.0463,0.0273,0.0062,0.989657401,0.949367089,0.952674897,1.5,3.263157895,823,0.4539,0.42954071,0.7854,0.62,0.911764706,4.0211,4021.1,1.259230263,0.546907994,1.305148737,1.673139948,1.225832563,1.328278313,1.012200225,0.920497246,0.939228249,0.546907994,0.534647724
51_3A,DC101,4,1313,1361,79,0.451428571,0.060167555,1.139745397,8,12,30,21,8,0.285714286,0.315789474,0.4,0.677419355,2.666666667,0.087,0.0401,0.0497,0.0357,0.011,0.562378798,1.015189873,1.022633745,1.961538462,5.789473684,543,0.4136,0.283402923,0.7155,0.755,1.110294118,4.1632,4163.2,1.303729684,0.396078431,1.543275334,1.923273409,1.219815575,2.092588972,1.026021239,0.958582564,0.790406967,0.396078431,0.394607133
52_2F,DC101,0,3824,3807,315,1,0.082374477,1,18,80,108,73,36,1,1,1,1,1,0.1406,0.1282,0.1079,0.0388,0.0215,1,1,1,1,1,1952,0.5105,1,1,0.71,1,3.6125,3612.5,1,1,1,1,1,1,1,1,1,1,1
52_2F,DC101,1,3659,3757,241,0.765079365,0.06586499,0.799580069,22,63,93,52,11,1.222222222,0.7875,0.861111111,0.712328767,0.305555556,0.1497,0.098,0.07,0.0287,0.0064,1.064722617,0.764430577,0.648748842,0.739690722,0.297674419,1724,0.4712,0.883196721,0.923,0.72,1.014084507,3.7224,3722.4,1.030422145,1.259967051,0.998849571,1.176274145,1.073984844,1.150680519,1.024553824,0.964260959,1.075221811,0.956851464,0.986866299
52_2F,DC101,2,1110,1395,36,0.114285714,0.032432432,0.393719428,2,8,13,12,1,0.111111111,0.1,0.12037037,0.164383562,0.027777778,0.1111,0.0432,0.0291,0.0232,0.0017,0.790184922,0.336973479,0.269694161,0.597938144,0.079069767,448,0.4036,0.229508197,0.7907,0.623,0.877464789,3.8313,3831.3,1.060567474,1.205601318,0.973037119,1.091675683,1.180371313,1.259600458,1.054346767,0.912996434,1.213079429,0.290271967,0.36643026
52_2F,DC101,3,449,544,16,0.050793651,0.035634744,0.432594479,1,4,7,2,2,0.055555556,0.05,0.064814815,0.02739726,0.055555556,0.1,0.0426,0.0402,0.0101,0.0083,0.711237553,0.332293292,0.372567192,0.260309278,0.386046512,178,0.3964,0.091188525,0.7766,0.9,1.267605634,5.4477,5447.7,1.508013841,0.365733114,0.953034643,0.927152126,1.237710548,1.018610143,1.0457272,0.920920101,1.298704676,0.117416318,0.142894668
54_2D,DC101,0,4692,4456,393,1,0.083759591,1,62,143,106,66,16,1,1,1,1,1,0.104,0.0701,0.0508,0.0256,0.0076,1,1,1,1,1,2651,0.565,1,1,0.773,1,3.0271,3027.1,1,1,1,1,1,1,1,1,1,1,1
54_2D,DC101,1,6186,5680,603,1.534351145,0.097478177,1.163785255,75,190,202,113,23,1.209677419,1.328671329,1.905660377,1.712121212,1.4375,0.1652,0.0922,0.0738,0.0351,0.0077,1.588461538,1.315263909,1.452755906,1.37109375,1.013157895,3922,0.634,1.47944172,1.1221,0.99,1.28072445,2.7375,2737.5,0.904330878,1.318414322,1.080692367,1.600970101,1.033720526,0.839752133,0.978143716,1.019003159,0.956535419,1.318414322,1.274685817
54_2D,DC101,2,6564,6202,595,1.513994911,0.090645948,1.082215743,105,219,176,90,5,1.693548387,1.531468531,1.660377358,1.363636364,0.3125,0.1402,0.0887,0.0563,0.0272,0.0015,1.348076923,1.265335235,1.108267717,1.0625,0.197368421,3201,0.4877,1.20746888,0.8631,0.7,0.905562743,3.498,3498,1.155561428,1.398976982,0.930271597,1.150086887,1.091407817,0.99459392,1.024793879,0.959929421,1.173214167,1.398976982,1.391831239
54_2D,DC101,3,4253,4166,352,0.8956743,0.082765107,0.988126924,43,108,117,63,21,0.693548387,0.755244755,1.103773585,0.954545455,1.3125,0.0909,0.0692,0.0593,0.0283,0.0104,0.874038462,0.987161198,1.167322835,1.10546875,1.368421053,1845,0.4338,0.695963787,0.7678,0.65,0.84087969,3.6659,3665.9,1.211027056,0.906436488,0.94272934,1.203425196,1.178473431,2.28209339,1.062729467,0.901358312,1.250065508,0.906436488,0.93491921
54_2D,DC101,4,3025,2864,274,0.697201018,0.090578512,1.081410629,42,77,101,51,3,0.677419355,0.538461538,0.952830189,0.772727273,0.1875,0.1203,0.0807,0.0606,0.0388,0.0018,1.156730769,1.151212553,1.192913386,1.515625,0.236842105,1437,0.475,0.5420596,0.8408,0.74,0.957309185,3.6836,3683.6,1.216874236,0.644714408,1.164890709,1.473284323,1.217363664,1.208413752,1.030489855,0.930126248,1.045045389,0.644714408,0.642728905
18_4F,Dll4,0,779,991,29,1,0.037227214,1,1,6,15,5,2,1,1,1,1,1,1,0.0625,0.0418,0.0154,0.0044,1,1,1,1,1,540,0.6932,1,1,0.78,1,2.5963,2596.3,1,1,1,1,1,1,1,1,1,1,1
18_4F,Dll4,1,276,458,4,0.137931034,0.014492754,0.389305361,0,0,3,0,1,0,0,0.2,0,0.5,0,0,0.0309,0,0.0086,0,0,0.73923445,0,1.954545455,181,0.6558,0.335185185,0.946,0.95,1.217948718,2.224,2224,0.856603628,0.354300385,0.894510593,0.404808282,1.049816022,1.490880704,0.984664496,1.00579965,1.173620558,0.354300385,0.462159435
18_4F,Dll4,2,2120,2192,105,3.620689655,0.049528302,1.330432678,27,50,17,10,1,27,8.333333333,1.133333333,2,0.5,0.0931,0.0561,0.0216,0.0079,0.0012,0.0931,0.8976,0.516746411,0.512987013,0.272727273,1341,0.6325,2.483333333,0.9125,0.8,1.025641026,3.1129,3112.9,1.198975465,2.721437741,1.243714432,1.276316248,1.002829608,1.035999577,1.033101611,0.936456681,0.80631822,2.721437741,2.211907164
18_4F,Dll4,3,4697,4581,356,12.27586207,0.075793059,2.035958399,53,84,118,77,24,53,14,7.866666667,15.4,12,0.073,0.0439,0.0476,0.0348,0.0097,0.073,0.7024,1.138755981,2.25974026,2.204545455,2315,0.4929,4.287037037,0.711,0.86,1.102564103,4.4353,4435.3,1.70831568,6.029525032,1.334331935,1.470180232,1.01091578,1.539250914,1.015959258,0.957899556,0.757619415,6.029525032,4.622603431
18_4F,Dll4,4,3653,3712,220,7.586206897,0.060224473,1.617753964,31,45,87,41,16,31,7.5,5.8,8.2,8,0.0683,0.0496,0.051,0.0228,0.0086,0.0683,0.7936,1.220095694,1.480519481,1.954545455,1670,0.4572,3.092592593,0.6595,0.58,0.743589744,3.8423,3842.3,1.479913723,4.689345315,1.190006106,1.360078842,0.951721566,1.535728737,1.026904965,1.006041607,0.799761918,4.689345315,3.745711403
24_2A,Dll4,0,1126,1304,38,1,0.03374778,1,6,13,11,7,1,1,1,1,1,1,6,0.0423,0.0206,0.0132,0.0017,1,1,1,1,1,779,0.6918,1,1,0.99,1,2.8899,2889.9,1,1,1,1,1,1,1,1,1,1,1
24_2A,Dll4,1,2520,2587,138,3.631578947,0.054761905,1.622681699,13,30,33,43,19,2.166666667,2.307692308,3,6.142857143,19,0.0915,0.0498,0.0352,0.0299,0.0176,0.01525,1.177304965,1.708737864,2.265151515,10.35294118,1600,0.6349,2.053915276,0.9177,0.4955,0.500505051,2.8132,2813.2,0.973459289,2.238010657,0.962143076,1.208542588,1.001644082,1.393523336,1.056255609,0.94236543,1.041055231,2.238010657,1.983895706
24_2A,Dll4,2,1497,1541,84,2.210526316,0.056112224,1.662693783,5,20,27,20,12,0.833333333,1.538461538,2.454545455,2.857142857,12,0.8333,0.0419,0.0375,0.0273,0.0157,0.138883333,0.990543735,1.82038835,2.068181818,9.235294118,1104,0.7375,1.41720154,1.066,0.606,0.612121212,2.7094,2709.4,0.937541091,1.329484902,1.118795898,0.904088552,1.04903055,1.541851734,1.035541297,1.001084055,0.937642471,1.329484902,1.181748466
24_2A,Dll4,3,8511,7835,856,22.52631579,0.100575726,2.980217543,52,149,261,282,112,8.666666667,11.46153846,23.72727273,40.28571429,112,0.0985,0.0733,0.0668,0.0644,0.0271,0.016416667,1.73286052,3.242718447,4.878787879,15.94117647,5731,0.6734,7.356867779,0.9733,0.94,0.949494949,3.996,3996,1.382746808,7.558614565,1.403502283,2.500705527,1.077915136,1.957569007,1.003577263,1.003357592,0.768018086,7.558614565,6.008435583
24_2A,Dll4,4,8751,8123,844,22.21052632,0.09644612,2.857850798,76,173,225,276,94,12.66666667,13.30769231,20.45454545,39.42857143,94,0.1333,0.1006,0.0669,0.0602,0.0226,0.022216667,2.378250591,3.247572816,4.560606061,13.29411765,5307,0.6064,6.812580231,0.8766,0.815,0.823232323,4.0177,4017.7,1.390255718,7.771758437,1.245980053,1.769747363,1.067456658,1.560314458,1.041602413,0.964787826,0.856720503,7.771758437,6.229294479
29_2D,Dll4,0,1157,1464,36,1,0.031114952,1,7,9,17,2,1,1,1,1,1,1,0.1458,0.0214,0.0268,0.004,0.0015,1,1,1,1,1,810,0.7001,1,1,1.21,1,3.4538,3453.8,1,1,1,1,1,1,1,1,1,1,1
29_2D,Dll4,1,1731,1879,61,1.694444444,0.035239746,1.132566298,13,16,22,6,4,1.857142857,1.777777778,1.294117647,3,4,0.1008,0.0252,0.0272,0.0074,0.0043,0.691358025,1.177570093,1.014925373,1.85,2.866666667,1291,0.7458,1.59382716,1.0653,1.31,1.082644628,2.6365,2636.5,0.763362094,1.496110631,1.039003697,1.067743646,0.999711425,1.191994144,1.009284191,0.9777622,0.962182741,1.496110631,1.283469945
29_2D,Dll4,2,1880,2049,84,2.333333333,0.044680851,1.435992927,8,32,34,7,3,1.142857143,3.555555556,2,3.5,3,0.0597,0.0614,0.0377,0.0081,0.003,0.409465021,2.869158879,1.406716418,2.025,2,1221,0.6495,1.507407407,0.9277,0.69,0.570247934,2.5439,2543.9,0.736551045,1.624891962,0.999181637,1.215490446,0.997337609,1.325764417,1.062390276,0.962386757,0.998154461,1.624891962,1.399590164
29_2D,Dll4,3,2813,2803,187,5.194444444,0.066477071,2.13649923,26,57,63,29,12,3.714285714,6.333333333,3.705882353,14.5,12,0.1281,0.0658,0.0506,0.02,0.0088,0.878600823,3.074766355,1.888059701,5,5.866666667,1983,0.7049,2.448148148,1.0069,1.041,0.860330579,3.1143,3114.3,0.901702473,2.431287813,1.403415132,1.716647466,1.034767429,1.348618088,1.039908875,0.973953974,0.737320987,2.431287813,1.914617486
29_2D,Dll4,4,6290,6178,488,13.55555556,0.077583466,2.493446431,75,128,165,82,38,10.71428571,14.22222222,9.705882353,41,38,0.0968,0.0492,0.0532,0.0258,0.0122,0.663923182,2.299065421,1.985074627,6.45,8.133333333,3062,0.4868,3.780246914,0.6953,0.83,0.685950413,4.7575,4757.5,1.377468296,5.436473639,1.22900348,1.681387408,0.955074512,1.230843255,1.067816366,0.982115962,0.777112944,5.436473639,4.219945355
18_2D,IR,0,519,569,36,1,0.069364162,1,6,17,8,3,2,1,1,1,1,1,0.0387,0.0702,0.0329,0.0112,0.008,1,1,1,1,1,335,0.6455,1,1,0.57,1,3.6897,3689.7,1,1,1,1,1,1,1,1,1,1,1
18_2D,IR,1,705,872,28,0.777777778,0.039716312,0.57257683,7,7,6,3,5,1.166666667,0.411764706,0.75,1,2.5,0.0464,0.0205,0.0175,0.0085,0.0142,1.198966408,0.292022792,0.531914894,0.758928571,1.775,448,0.6355,1.337313433,0.9845,0.8,1.403508772,4.4033,4403.3,1.193403258,1.358381503,1.017267986,1.188703097,1.067661166,1.169768668,1.001442726,1.020763542,1.049537763,1.358381503,1.532513181
18_2D,IR,2,489,652,13,0.361111111,0.026584867,0.383265165,0,2,8,3,0,0,0.117647059,1,1,0,0,0.026,0.034,0.0136,0,0,0.37037037,1.03343465,1.214285714,0,251,0.5133,0.749253731,0.7952,0.54,0.947368421,2.313,2313,0.626880234,0.942196532,0.810223972,0.689465996,1.350953259,1.559764293,1.051710267,0.873679755,1.667382484,0.942196532,1.145869947
18_2D,IR,3,312,415,5,0.138888889,0.016025641,0.231036324,0,1,3,1,0,0,0.058823529,0.375,0.333333333,0,0,0.0118,0.0205,0.0068,0,0,0.168091168,0.623100304,0.607142857,0,330,1.0577,0.985074627,1.6386,0.4,0.701754386,2.4222,2422.2,0.656476136,0.601156069,0.854649018,0.758336599,1.614980132,1.803421793,1.029186935,0.836456431,1.889641359,0.601156069,0.729349736
18_2D,IR,4,876,1029,37,1.027777778,0.042237443,0.608923135,6,5,8,10,8,1,0.294117647,1,3.333333333,4,0.0556,0.0113,0.0205,0.0209,0.0202,1.436692506,0.160968661,0.623100304,1.866071429,2.525,608,0.6941,1.814925373,1.0753,0.567,0.994736842,4.1872,4187.2,1.13483481,1.687861272,0.962289655,0.877965059,1.488286976,2.315462118,1.030606237,0.864731381,1.54661018,1.687861272,1.808435852
18_2D,IR,5,555,701,19,0.527777778,0.034234234,0.493543539,1,3,7,5,3,0.166666667,0.176470588,0.875,1.666666667,1.5,0.0323,0.0278,0.0273,0.0215,0.0093,0.834625323,0.396011396,0.829787234,1.919642857,1.1625,405,0.7297,1.208955224,1.1305,0.305,0.535087719,2.847,2847,0.771607448,1.069364162,0.980899436,1.34906664,1.447713707,1.94737649,1.068632506,0.87418015,1.475904311,1.069364162,1.23198594
18_2D,IR,6,686,842,34,0.944444444,0.049562682,0.714528664,4,15,12,1,2,0.666666667,0.882352941,1.5,0.333333333,1,0.0656,0.0469,0.0417,0.0027,0.0065,1.695090439,0.668091168,1.267477204,0.241071429,0.8125,475,0.6924,1.417910448,1.0727,0.4805,0.842982456,4.023,4023,1.090332547,1.32177264,1.074116731,0.854264437,1.316205429,1.851934917,1.052142251,0.890189627,1.225383974,1.32177264,1.479789104
18_3A,IR,0,987,1266,22,1,0.022289767,1,2,11,1,1,7,1,1,1,1,1,0.018,0.0244,0.0031,0.0019,0.015,1,1,1,1,1,652,0.5996,1,1,0.54,0.6,3.0256,3025.6,1,1,1,1,1,1,1,1,1,1,1
18_3A,IR,1,601,879,10,0.454545455,0.016638935,0.746483128,6,3,0,0,1,3,0.272727273,0,0,0.142857143,0.0594,0.0115,0,0,0.0031,3.3,0.471311475,0,0,0.206666667,354,0.5515,0.542944785,0.919779853,0.555,0.616666667,3.3215,3321.5,1.097798784,0.608915907,0.946153377,0.846286726,1.053175853,1.258431077,1.025483711,0.94472501,1.113113242,0.608915907,0.694312796
18_3A,IR,2,1370,1514,57,2.590909091,0.041605839,1.866589229,5,11,12,15,14,2.5,1,12,15,2,0.0327,0.0272,0.0164,0.0238,0.019,1.816666667,1.114754098,5.290322581,12.52631579,1.266666667,804,0.5335,1.233128834,0.88975984,0.5,0.555555556,2.8193,2819.3,0.931815177,1.38804458,1.088084146,1.075689943,1.166768116,1.419169579,1.079309967,0.795466728,1.072314232,1.38804458,1.195892575
18_3A,IR,3,1870,1879,138,6.272727273,0.073796791,3.310792392,16,25,55,24,18,8,2.272727273,55,24,2.571428571,0.1379,0.0672,0.0717,0.0266,0.0186,7.661111111,2.754098361,23.12903226,14,1.24,1272,0.4709,1.950920245,0.785356905,0.6,0.666666667,2.5779,2577.9,0.85202935,1.894630193,1.255645214,1.224297659,1.295276925,2.086589525,1.072186617,0.782073331,1.031562825,1.894630193,1.484202212
18_3A,IR,4,2419,2382,188,8.545454545,0.077718065,3.486715002,26,38,44,56,24,13,3.454545455,44,56,3.428571429,0.1376,0.0807,0.0455,0.0451,0.0204,7.644444444,3.307377049,14.67741935,23.73684211,1.36,1359,0.5476,2.084355828,0.913275517,0.5,0.555555556,2.9258,2925.8,0.967014807,2.450861196,1.289611882,1.221173705,1.226903215,1.821512026,1.093493221,0.794791942,0.951374,2.450861196,1.881516588
18_3A,IR,5,2316,2215,248,11.27272727,0.107081174,4.804050845,34,73,69,53,19,17,6.636363636,69,53,2.714285714,0.1667,0.1128,0.0652,0.0444,0.0169,9.261111111,4.62295082,21.03225806,23.36842105,1.126666667,1272,0.4399,1.950920245,0.733655771,0.44,0.488888889,3.3241,3324.1,1.098658117,2.346504559,1.316861392,1.370687018,1.293277457,2.382530182,1.085716382,0.791127957,0.9820908,2.346504559,1.749605055
18_3A,IR,6,2155,2033,233,10.59090909,0.10812065,4.850685519,19,51,70,62,31,9.5,4.636363636,70,62,4.428571429,0.1357,0.1037,0.0763,0.054,0.0308,7.538888889,4.25,24.61290323,28.42105263,2.053333333,1212,0.4001,1.858895706,0.667278185,0.44,0.488888889,3.1772,3177.2,1.050105764,2.183383992,1.532277415,1.45374379,1.373117905,2.313709711,1.089512185,0.780960551,0.89612879,2.183383992,1.605845182
18_3A,IR,7,718,923,21,0.954545455,0.029247911,1.312167642,3,1,6,5,6,1.5,0.090909091,6,5,0.857142857,0.0462,0.0084,0.019,0.0151,0.0156,2.566666667,0.344262295,6.129032258,7.947368421,1.04,301,0.4607,0.461656442,0.768345564,0.4,0.444444444,2.5979,2597.9,0.858639609,0.72745694,1.166374157,1.226240938,1.349937361,2.066836973,1.092031982,0.830732364,1.157379348,0.72745694,0.72906793
18_4C,IR,0,434,606,12,1,0.02764977,1,5,1,1,5,1,1,1,1,1,1,0.1316,0,0.0068,0.0191,0.0058,1,NA,1,1,1,310,0.7143,1,1,0.991,1,1.905,1905,1,1,1,1,1,1,1,1,1,1,1
18_4C,IR,1,496,732,3,0.25,0.006048387,0.218749993,0,2,1,0,0,0,2,1,0,0,0,0.011,0.0042,0,0,0,NA,0.617647059,0,0,248,0.5,0.8,0.7,0.61,0.615539859,2.5705,2570.5,1.349343832,0.840677966,0.988996681,0.975556742,0.996433664,0.982657865,1.100020118,0.909180321,1.007519725,1.142857143,1.207920792
18_4C,IR,2,1612,1847,58,4.833333333,0.035980149,1.301282036,13,12,11,11,11,2.6,12,11,2.2,11,0.076,0.0265,0.0153,0.013,0.0144,0.577507599,NA,2.25,0.680628272,2.482758621,1007,0.6247,3.248387097,0.8746,0.6,0.605449041,2.7963,2796.3,1.467874016,2.73220339,1.223358247,1.378316817,1.07160902,1.48728793,1.088264828,0.884436658,0.875956836,3.714285714,3.047854785
18_4C,IR,3,1748,1858,101,8.416666667,0.05778032,2.089721542,13,26,24,29,9,2.6,26,24,5.8,9,0.085,0.0564,0.0364,0.0294,0.0118,0.645896657,NA,5.352941176,1.539267016,2.034482759,971,0.5555,3.132258065,0.7777,0.77,0.776992936,2.7321,2732.1,1.434173228,2.962711864,1.259264895,1.277806537,1.218468138,1.173950593,1.089567536,0.835742855,0.96760272,4.02764977,3.066006601
18_4C,IR,4,2207,2208,172,14.33333333,0.077933847,2.818607424,24,41,47,43,17,4.8,41,47,8.6,17,0.16,0.0711,0.054,0.0352,0.0173,1.215805471,NA,7.941176471,1.842931937,2.982758621,1196,0.5419,3.858064516,0.7587,0.85,0.857719475,2.8926,2892.6,1.518425197,3.740677966,1.40414082,1.599102697,1.261066921,1.966511907,1.088432845,0.834979463,0.898105734,5.085253456,3.643564356
18_4C,IR,5,652,671,39,3.25,0.059815951,2.163343529,7,7,4,8,13,1.4,7,4,1.6,13,0.1321,0.0389,0.0166,0.022,0.0455,1.003799392,NA,2.441176471,1.151832461,7.844827586,434,0.6656,1.4,0.9319,0.97,0.978809284,2.44,2440,1.280839895,1.105084746,1.336406313,1.237876899,1.198654688,1.123554766,1.087322145,0.85013088,0.896923844,1.502304147,1.107260726
18_4C,IR,6,2981,2793,353,29.41666667,0.118416639,4.282735046,35,59,101,123,35,7,59,101,24.6,35,0.125,0.0833,0.0719,0.0829,0.0234,0.949848024,NA,10.57352941,4.340314136,4.034482759,1130,0.3791,3.64516129,0.5307,0.65,0.655903128,3.7746,3774.6,1.981417323,5.052542373,1.501792138,1.908433171,1.315700243,1.569928888,1.103322755,0.810992955,0.876086783,6.868663594,4.608910891
18_4C,IR,7,2674,2496,318,26.5,0.118922962,4.301047061,27,63,107,93,28,5.4,63,107,18.6,28,0.1475,0.0817,0.0794,0.0759,0.0194,1.120820669,NA,11.67647059,3.97382199,3.344827586,985,0.3684,3.177419355,0.5157,0.656,0.661957619,3.8456,3845.6,2.018687664,4.53220339,1.460787802,1.830046025,1.265182976,1.961134204,1.113022626,0.811062749,0.866096344,6.161290323,4.118811881
24_2B,IR,0,631,665,48,1,0.076069731,1,11,16,14,6,1,1,1,1,1,1,0.1486,0.0472,0.0591,0.0157,0.004,1,1,1,1,1,457,0.7242,1,1,0.608,1,2.4575,2457.5,1,1,1,1,1,1,1,1,1,1,1
24_2B,IR,1,874,969,33,0.6875,0.037757437,0.496352971,10,10,4,6,3,0.909090909,0.625,0.285714286,1,3,NA,0.0741,0.008,0.0189,0.0054,NA,NA,NA,NA,NA,680,0.778,1.487964989,1.0743,1.3,2.138157895,2.3501,2350.1,0.95629705,1.385103011,1.052234336,1.032935325,1.084682437,0.972751099,0.97799669,0.994676432,1.030837333,1.385103011,1.457142857
24_2B,IR,2,200,241,5,0.104166667,0.025,0.328645832,0,1,3,1,0,0,0.0625,0.214285714,0.166666667,0,0,0.0303,0.0316,0.0127,0,0,0.641949153,0.534686971,0.808917197,0,105,0.525,0.2297593,0.7249,0.495,0.814144737,1.4945,1494.5,0.608138352,0.316957211,0.883222118,0.522412503,1.081678904,0.575404016,1.001222272,1.017347451,1.22469635,0.316957211,0.362406015
24_2B,IR,3,184,243,12,0.25,0.065217391,0.857336948,3,4,3,0,2,0.272727273,0.25,0.214285714,0,2,0.75,0.0667,0.0349,0,0.0222,5.047106326,1.413135593,0.590524535,0,5.55,137,0.7446,0.299781182,1.0281,0.637,1.047697368,1.9928,1992.8,0.810905392,0.291600634,1.129331642,0.6095586,1.185981138,0.954966632,0.961766891,1.015385502,1.050161967,0.291600634,0.365413534
24_2B,IR,4,272,355,11,0.229166667,0.040441176,0.531632957,1,6,4,0,0,0.090909091,0.375,0.285714286,0,0,0.0435,0.0594,0.0385,0,0,0.292732167,1.258474576,0.65143824,0,0,241,0.886,0.527352298,1.2234,0.55,0.904605263,2.0001,2000.1,0.81387589,0.431061807,1.078351457,0.708805533,1.234080603,1.073060815,0.976879099,0.972172656,1.144414092,0.431061807,0.533834586
24_2B,IR,5,522,582,35,0.729166667,0.067049808,0.881425596,6,16,8,4,1,0.545454545,1,0.571428571,0.666666667,1,0.15,0.0773,0.0328,0.0159,0.0037,1.009421265,1.637711864,0.55499154,1.012738854,0.925,334,0.6398,0.730853392,0.8835,0.62,1.019736842,2.5671,2567.1,1.044598169,0.82725832,1.167439752,0.853749834,1.240330155,1.095265791,1.003919908,0.988504334,1.062436116,0.82725832,0.87518797
24_2B,IR,6,957,1064,43,0.895833333,0.044932079,0.590669619,4,5,6,20,8,0.363636364,0.3125,0.428571429,3.333333333,8,0.1176,0.026,0.0162,0.0432,0.0164,0.791386272,0.550847458,0.274111675,2.751592357,4.1,806,0.8422,1.763676149,1.1629,0.6,0.986842105,2.6584,2658.4,1.081749746,1.516640254,1.058585148,1.089808083,1.32648391,1.394290383,1.011863858,0.943289493,1.253072474,1.516640254,1.6
24_2B,IR,7,268,326,13,0.270833333,0.048507463,0.637671021,0,4,7,1,1,0,0.25,0.5,0.166666667,1,0,0.04,0.056,0.0075,0.0075,0,0.847457627,0.947546531,0.477707006,1.875,214,0.7985,0.468271335,1.1025,0.515,0.847039474,2.3838,2383.8,0.970010173,0.424722662,1.106295019,0.866465408,1.280599447,1.026320554,1.017405681,0.974294799,1.157556913,0.424722662,0.490225564
33_2B,IR,0,1360,1661,43,1,0.031617647,1,12,17,7,3,4,1,1,1,1,1,0.1165,0.0324,0.0109,0.0044,0.006,1,1,1,1,1,2430,0.5996,1,1,0.55,1,3.0877,3087.7,1,1,1,1,1,1,1,1,1,1,1
33_2B,IR,1,1359,1526,64,1.488372093,0.047093451,1.48946729,10,15,22,9,8,0.833333333,0.882352941,3.142857143,3,2,0.0758,0.0309,0.0369,0.0128,0.0125,0.650643777,0.953703704,3.385321101,2.909090909,2.083333333,750,0.5515,0.308641975,0.9198,0.45,0.818181818,2.7655,2765.5,0.895650484,1.183116883,1.073353144,1.163779934,1.083715632,0.960470971,1.032092755,0.935445435,1.009654314,0.999264706,0.91872366
33_2B,IR,2,2939,2675,350,8.139534884,0.119088125,3.766508147,38,92,107,79,34,3.166666667,5.411764706,15.28571429,26.33333333,8.5,0.1597,0.1089,0.0792,0.0513,0.0243,1.370815451,3.361111111,7.266055046,11.65909091,4.05,725,0.5335,0.298353909,0.8898,0.58,1.054545455,2.9434,2943.4,0.953266185,3.380519481,1.369471259,1.78527083,1.038653286,1.084307691,1.01246835,0.937424458,0.758433796,2.161029412,1.610475617
33_2B,IR,3,2131,1969,230,5.348837209,0.107930549,3.41361737,23,42,72,57,36,1.916666667,2.470588235,10.28571429,19,9,0.1314,0.0708,0.0744,0.0517,0.035,1.127896996,2.185185185,6.825688073,11.75,5.833333333,1384,0.4709,0.569547325,0.7854,0.535,0.972727273,2.9083,2908.3,0.941898501,1.967532468,1.278022997,1.767308178,1.012837176,0.895372454,1.010776012,1.00044665,0.792503091,1.566911765,1.185430464
33_2B,IR,4,1771,1845,146,3.395348837,0.0824393,2.607382516,41,40,30,26,9,3.416666667,2.352941176,4.285714286,8.666666667,2.25,0.3106,0.0866,0.0525,0.0299,0.0109,2.666094421,2.672839506,4.816513761,6.795454545,1.816666667,1167,0.5476,0.480246914,0.9134,0.5,0.909090909,2.8046,2804.6,0.908313632,1.746753247,1.342390674,1.983873172,1.130782285,1.215141426,1.047859235,0.843043105,0.842364527,1.302205882,1.110776641
33_2B,IR,5,2802,2718,297,6.906976744,0.105995717,3.352422683,28,54,103,85,27,2.333333333,3.176470588,14.71428571,28.33333333,6.75,0.1041,0.0621,0.0764,0.0586,0.02,0.893562232,1.916666667,7.009174312,13.31818182,3.333333333,779,0.4399,0.320576132,0.7337,0.63,1.145454545,3.6126,3612.6,1.169997085,3.327272727,1.623284297,2.491367136,1.097115103,1.040362299,1.011291018,0.932554876,0.675861342,2.060294118,1.636363636
33_2B,IR,6,1120,1209,59,1.372093023,0.052678571,1.666112946,11,15,14,14,5,0.916666667,0.882352941,2,4.666666667,1.25,0.1528,0.0625,0.029,0.0238,0.0094,1.311587983,1.929012346,2.660550459,5.409090909,1.566666667,1121,0.4001,0.461316872,0.6673,0.26,0.472727273,2.9527,2952.7,0.956278136,1.097402597,1.55970277,2.066461158,1.197846595,1.031004817,1.058827502,0.899668809,0.767996709,0.823529412,0.727874774
33_2B,IR,7,1811,1762,187,4.348837209,0.103257869,3.265830281,39,70,51,17,10,3.25,4.117647059,7.285714286,5.666666667,2.5,0.2281,0.1013,0.06,0.0183,0.0114,1.957939914,3.12654321,5.504587156,4.159090909,1.9,516,0.4607,0.212345679,0.7684,0.51,0.927272727,2.8707,2870.7,0.929721152,1.707792208,1.795308244,2.321838033,1.064948674,0.990343392,0.985339535,1.000601674,0.593184306,1.331617647,1.060806743
35_2C,IR,0,1026,1151,NA,NA,NA,NA,NA,NA,NA,NA,NA,NA,NA,NA,NA,NA,NA,NA,NA,NA,NA,NA,NA,NA,NA,NA,NA,NA,NA,NA,NA,NA,3.3767,3376.7,NA,NA,NA,NA,NA,NA,NA,NA,NA,NA,NA
35_2C,IR,1,973,1155,NA,NA,NA,NA,NA,NA,NA,NA,NA,NA,NA,NA,NA,NA,NA,NA,NA,NA,NA,NA,NA,NA,NA,NA,NA,NA,NA,NA,NA,NA,4.0128,4012.8,NA,NA,NA,NA,NA,NA,NA,NA,NA,NA,NA
35_2C,IR,2,1909,2103,NA,NA,NA,NA,NA,NA,NA,NA,NA,NA,NA,NA,NA,NA,NA,NA,NA,NA,NA,NA,NA,NA,NA,NA,NA,NA,NA,NA,NA,NA,3.6247,3624.7,NA,NA,NA,NA,NA,NA,NA,NA,NA,NA,NA
35_2C,IR,3,1002,1219,NA,NA,NA,NA,NA,NA,NA,NA,NA,NA,NA,NA,NA,NA,NA,NA,NA,NA,NA,NA,NA,NA,NA,NA,NA,NA,NA,NA,NA,NA,3.6088,3608.8,NA,NA,NA,NA,NA,NA,NA,NA,NA,NA,NA
35_2C,IR,4,2756,2851,NA,NA,NA,NA,NA,NA,NA,NA,NA,NA,NA,NA,NA,NA,NA,NA,NA,NA,NA,NA,NA,NA,NA,NA,NA,NA,NA,NA,NA,NA,3.7047,3704.7,NA,NA,NA,NA,NA,NA,NA,NA,NA,NA,NA
35_2C,IR,5,3364,3363,NA,NA,NA,NA,NA,NA,NA,NA,NA,NA,NA,NA,NA,NA,NA,NA,NA,NA,NA,NA,NA,NA,NA,NA,NA,NA,NA,NA,NA,NA,3.8308,3830.8,NA,NA,NA,NA,NA,NA,NA,NA,NA,NA,NA
35_2C,IR,6,3391,3378,NA,NA,NA,NA,NA,NA,NA,NA,NA,NA,NA,NA,NA,NA,NA,NA,NA,NA,NA,NA,NA,NA,NA,NA,NA,NA,NA,NA,NA,NA,3.7619,3761.9,NA,NA,NA,NA,NA,NA,NA,NA,NA,NA,NA
35_2C,IR,7,3228,3201,NA,NA,NA,NA,NA,NA,NA,NA,NA,NA,NA,NA,NA,NA,NA,NA,NA,NA,NA,NA,NA,NA,NA,NA,NA,NA,NA,NA,NA,NA,3.459,3459,NA,NA,NA,NA,NA,NA,NA,NA,NA,NA,NA
47_1I,IR,0,1734,1731,NA,NA,NA,NA,NA,NA,NA,NA,NA,NA,NA,NA,NA,NA,NA,NA,NA,NA,NA,NA,NA,NA,NA,NA,NA,NA,NA,NA,NA,NA,3.7587,3758.7,NA,NA,NA,NA,NA,NA,NA,NA,NA,NA,NA
47_1I,IR,1,604,727,NA,NA,NA,NA,NA,NA,NA,NA,NA,NA,NA,NA,NA,NA,NA,NA,NA,NA,NA,NA,NA,NA,NA,NA,NA,NA,NA,NA,NA,NA,4.3849,4384.9,NA,NA,NA,NA,NA,NA,NA,NA,NA,NA,NA
47_1I,IR,2,301,389,NA,NA,NA,NA,NA,NA,NA,NA,NA,NA,NA,NA,NA,NA,NA,NA,NA,NA,NA,NA,NA,NA,NA,NA,NA,NA,NA,NA,NA,NA,3.7063,3706.3,NA,NA,NA,NA,NA,NA,NA,NA,NA,NA,NA
47_1I,IR,3,876,1076,NA,NA,NA,NA,NA,NA,NA,NA,NA,NA,NA,NA,NA,NA,NA,NA,NA,NA,NA,NA,NA,NA,NA,NA,NA,NA,NA,NA,NA,NA,3.0372,3037.2,NA,NA,NA,NA,NA,NA,NA,NA,NA,NA,NA
47_1I,IR,4,1174,1393,NA,NA,NA,NA,NA,NA,NA,NA,NA,NA,NA,NA,NA,NA,NA,NA,NA,NA,NA,NA,NA,NA,NA,NA,NA,NA,NA,NA,NA,NA,3.4179,3417.9,NA,NA,NA,NA,NA,NA,NA,NA,NA,NA,NA
47_1I,IR,5,479,663,NA,NA,NA,NA,NA,NA,NA,NA,NA,NA,NA,NA,NA,NA,NA,NA,NA,NA,NA,NA,NA,NA,NA,NA,NA,NA,NA,NA,NA,NA,3.3278,3327.8,NA,NA,NA,NA,NA,NA,NA,NA,NA,NA,NA
47_1I,IR,6,931,1104,NA,NA,NA,NA,NA,NA,NA,NA,NA,NA,NA,NA,NA,NA,NA,NA,NA,NA,NA,NA,NA,NA,NA,NA,NA,NA,NA,NA,NA,NA,3.5198,3519.8,NA,NA,NA,NA,NA,NA,NA,NA,NA,NA,NA
47_1I,IR,7,953,1034,NA,NA,NA,NA,NA,NA,NA,NA,NA,NA,NA,NA,NA,NA,NA,NA,NA,NA,NA,NA,NA,NA,NA,NA,NA,NA,NA,NA,NA,NA,3.1969,3196.9,NA,NA,NA,NA,NA,NA,NA,NA,NA,NA,NA
60_1C,FIR,0,1919,2071,92,1,0.047941636,1,24,29,19,19,1,1,1,1,1,1,0.1194,0.0377,0.0222,0.0191,0.0011,1,1,1,1,1,1281,0.6675,1,1,0.76,1,2.6802,2680.2,1,1,1,1,1,1,1,1,1,1,1
60_1C,FIR,1,1416,1537,71,0.77173913,0.050141243,1.045880933,20,19,26,4,2,0.833333333,0.655172414,1.368421053,0.210526316,2,0.1361,0.0437,0.036,0.006,0.0027,1.139865997,1.159151194,1.621621622,0.314136126,2.454545455,789,0.5572,0.615925059,0.8347,0.88,1.157894737,2.2476,2247.6,0.838594135,0.737884315,1.026860585,0.851046157,0.985805498,0.885044713,0.98562461,0.995905472,0.960018831,0.737884315,0.742153549
60_1C,FIR,2,4566,4536,302,3.282608696,0.066141042,1.379615873,65,88,96,37,16,2.708333333,3.034482759,5.052631579,1.947368421,16,0.1169,0.0596,0.0431,0.0174,0.0066,0.979061977,1.580901857,1.941441441,0.910994764,6,2181,0.4777,1.702576112,0.7156,0.71,0.934210526,3.1169,3116.9,1.162935602,2.379364252,1.060332107,1.124291949,0.95478634,1.021790838,1.029052253,0.96667945,0.900459708,2.379364252,2.190246258
60_1C,FIR,3,4984,4769,434,4.717391304,0.087078652,1.81634711,71,112,125,104,22,2.958333333,3.862068966,6.578947368,5.473684211,22,0.0903,0.0662,0.0461,0.0466,0.008,0.756281407,1.75596817,2.076576577,2.439790576,7.272727273,2390,0.4795,1.865729899,0.7184,0.69,0.907894737,3.5388,3538.8,1.320349228,2.597186034,1.091831319,1.259381291,1.051195609,1.380675866,1.051332972,0.920822338,0.962782061,2.597186034,2.302752294
60_1C,FIR,4,2134,2403,117,1.27173913,0.054826617,1.143611724,23,39,43,10,2,0.958333333,1.344827586,2.263157895,0.526315789,2,0.0659,0.0415,0.0408,0.0097,0.0018,0.551926298,1.100795756,1.837837838,0.507853403,1.636363636,923,0.4325,0.720530835,0.6479,0.79,1.039473684,3.8375,3837.5,1.431796135,1.11203752,1.195000682,1.003278841,1.094093916,1.056050756,1.0771967,0.936128237,0.91555924,1.11203752,1.160309029
60_1C,FIR,5,2133,2252,153,1.663043478,0.071729958,1.496193371,27,46,58,15,7,1.125,1.586206897,3.052631579,0.789473684,7,0.1169,0.0784,0.0551,0.0166,0.0057,0.979061977,2.079575597,2.481981982,0.869109948,5.181818182,924,0.4332,0.721311475,0.6489,0.6,0.789473684,3.7562,3756.2,1.401462577,1.111516415,1.309489358,1.403707842,1.330377325,1.478433759,1.071001192,0.863471116,1.015951231,1.111516415,1.087397393
60_1C,FIR,6,1698,1824,123,1.336956522,0.072438163,1.510965604,24,51,34,11,3,1,1.75862069,1.789473684,0.578947368,3,0.0854,0.0594,0.0493,0.0112,0.0042,0.715242881,1.575596817,2.220720721,0.586387435,3.818181818,810,0.477,0.632318501,0.7146,0.64,0.842105263,3.872,3872,1.444668308,0.884835852,1.278853031,1.293180198,1.235801203,1.201647667,1.095062253,0.868790203,0.966335593,0.884835852,0.880733945
60_1C,FIR,7,2610,2583,210,2.282608696,0.08045977,1.678285864,30,85,70,22,3,1.25,2.931034483,3.684210526,1.157894737,3,0.0699,0.0736,0.0579,0.0159,0.0024,0.585427136,1.952254642,2.608108108,0.832460733,2.181818182,1339,0.513,1.045277127,0.7685,0.81,1.065789474,3.897,3897,1.45399597,1.360083377,1.302699491,1.300757987,1.267173191,1.595935901,1.062012204,0.906163882,0.972728707,1.360083377,1.247223563
60_1E,FIR,0,7229,7073,409,1,0.056577673,1,25,92,120,121,51,1,1,1,1,1,0.074,0.0561,0.0432,0.0307,0.0155,1,1,1,1,1,3465,0.4793,1,1,0.884,1,3.0981,3098.1,1,1,1,1,1,1,1,1,1,1,1
60_1E,FIR,1,4476,4587,290,0.709046455,0.064789991,1.145151215,27,59,121,55,28,1.08,0.641304348,1.008333333,0.454545455,0.549019608,0.0761,0.0515,0.0586,0.0274,0.0113,1.028378378,0.918003565,1.356481481,0.892508143,0.729032258,1971,0.4403,0.568831169,0.9187,0.618,0.699095023,3.5825,3582.5,1.156353894,0.619172776,1.077954294,0.924548684,1.116235485,1.124774466,1.047540428,0.933700547,1.035512815,0.619172776,0.648522551
60_1E,FIR,2,4791,4841,304,0.743276284,0.063452306,1.121507878,27,41,79,111,46,1.08,0.445652174,0.658333333,0.917355372,0.901960784,0.1071,0.0532,0.0456,0.043,0.0208,1.447297297,0.948306595,1.055555556,1.400651466,1.341935484,1766,0.3686,0.50966811,0.769,0.6,0.678733032,3.5826,3582.6,1.156386172,0.662747268,1.200377182,0.840078635,1.209301314,1.668149146,1.075857181,0.896407608,1.121848413,0.662747268,0.684433762
60_1E,FIR,3,2092,2231,144,0.35207824,0.068833652,1.216622182,14,47,62,20,1,0.56,0.510869565,0.516666667,0.165289256,0.019607843,0.0596,0.0517,0.0668,0.0187,0.001,0.805405405,0.921568627,1.546296296,0.609120521,0.064516129,905,0.4326,0.261183261,0.9025,0.66,0.746606335,3.8192,3819.2,1.23275556,0.289389957,1.299864311,0.937910083,1.409786877,1.207903011,1.085023909,0.873387924,1.307835485,0.289389957,0.315424855
60_1E,FIR,4,921,1087,41,0.100244499,0.04451683,0.786826811,8,11,14,3,5,0.32,0.119565217,0.116666667,0.024793388,0.098039216,0.0762,0.0268,0.0372,0.0057,0.0128,1.02972973,0.47771836,0.861111111,0.185667752,0.825806452,400,0.4343,0.115440115,0.9061,0.681,0.770361991,3.2193,3219.3,1.039120751,0.127403514,1.32242689,0.853143145,1.539588114,1.179327207,1.085142892,0.887839527,1.428249902,0.127403514,0.15368302
60_1E,FIR,5,16,22,NA,NA,NA,NA,NA,NA,NA,NA,NA,NA,NA,NA,NA,NA,NA,NA,NA,NA,NA,NA,NA,NA,NA,NA,NA,NA,NA,NA,NA,NA,NA,NA,NA,NA,NA,NA,NA,NA,NA,NA,NA,NA,NA
60_1E,FIR,6,147,189,NA,NA,NA,NA,NA,NA,NA,NA,NA,NA,NA,NA,NA,NA,NA,NA,NA,NA,NA,NA,NA,NA,NA,NA,NA,NA,NA,NA,NA,NA,NA,NA,NA,NA,NA,NA,NA,NA,NA,NA,NA,NA,NA
60_1E,FIR,7,81,99,NA,NA,NA,NA,NA,NA,NA,NA,NA,NA,NA,NA,NA,NA,NA,NA,NA,NA,NA,NA,NA,NA,NA,NA,NA,NA,NA,NA,NA,NA,NA,NA,NA,NA,NA,NA,NA,NA,NA,NA,NA,NA,NA
63_3A,FIR,0,2009,2091,113,1,0.056246889,1,17,18,39,30,9,1,1,1,1,1,0.1349,0.0356,0.0395,0.0315,0.0085,1,1,1,1,1,1363,0.6784,1,1,1.21,1,2.815,2815,1,1,1,1,1,1,1,1,1,1,1
63_3A,FIR,1,2678,2726,143,1.265486726,0.053398058,0.949351314,11,35,66,26,5,0.647058824,1.944444444,1.692307692,0.866666667,0.555555556,0.0601,0.0457,0.0554,0.0186,0.0039,0.445515196,1.283707865,1.402531646,0.59047619,0.458823529,1733,0.6471,1.271460015,0.9538,1.25,1.033057851,3.2261,3226.1,1.146039076,1.333001493,1.054308725,1.075051245,1.036152132,0.98216158,0.981541574,0.993081236,1.017523096,1.333001493,1.303682449
63_3A,FIR,2,3497,3611,155,1.371681416,0.044323706,0.788020578,24,49,47,21,14,1.411764706,2.722222222,1.205128205,0.7,1.555555556,0.0721,0.0488,0.0275,0.0133,0.0073,0.534469978,1.370786517,0.696202532,0.422222222,0.858823529,1723,0.4927,1.264123258,0.7262,0.94,0.776859504,3.3488,3348.8,1.189626998,1.740666999,0.973071238,1.004384595,0.902848603,0.823446114,1.008303165,1.009709193,1.017523096,1.740666999,1.726924916
63_3A,FIR,3,5919,5851,394,3.486725664,0.066565298,1.183448528,49,129,110,51,55,2.882352941,7.166666667,2.820512821,1.7,6.111111111,0.07,0.0653,0.0415,0.0175,0.0183,0.518902891,1.834269663,1.050632911,0.555555556,2.152941176,2617,0.4421,1.920029347,0.6517,0.8,0.661157025,3.8704,3870.4,1.374920071,2.946241911,0.989590168,1.039933382,0.87022691,1.03372206,1.010115329,1.040380528,1.077778971,2.946241911,2.798182688
63_3A,FIR,4,3575,3826,183,1.619469027,0.051188811,0.91007364,42,56,38,29,18,2.470588235,3.111111111,0.974358974,0.966666667,2,0.0854,0.0467,0.0222,0.0176,0.0094,0.633061527,1.311797753,0.562025316,0.558730159,1.105882353,1481,0.4143,1.086573734,0.6106,0.724,0.598347107,3.7822,3782.2,1.343587922,1.779492285,0.982351224,1.103729314,0.913098527,0.96562228,1.018161541,1.025028597,1.137163374,1.779492285,1.829746533
63_3A,FIR,5,3147,3231,184,1.628318584,0.058468383,1.039495411,57,58,42,13,14,3.352941176,3.222222222,1.076923077,0.433333333,1.555555556,0.1086,0.0459,0.0285,0.0084,0.0087,0.805040771,1.289325843,0.721518987,0.266666667,1.023529412,1337,0.4248,0.980924431,0.6262,0.65,0.537190083,4.1315,4131.5,1.467673179,1.566450971,1.133203438,1.18461893,0.970649858,1.017968516,1.026912775,1.047068413,1.075843619,1.566450971,1.545193687
63_3A,FIR,6,928,1156,28,0.247787611,0.030172414,0.536428139,7,12,5,2,2,0.411764706,0.666666667,0.128205128,0.066666667,0.222222222,0.0366,0.0287,0.0123,0.0039,0.0048,0.271312083,0.806179775,0.311392405,0.123809524,0.564705882,578,0.6228,0.424064563,0.918,0.62,0.512396694,3.7135,3713.5,1.319182948,0.461921354,0.96832656,1.147750533,1.087931641,1.122513857,1.039474362,1.030734297,1.167468813,0.461921354,0.552845528
63_3A,FIR,7,1576,1807,67,0.592920354,0.04251269,0.755822958,24,19,9,8,7,1.411764706,1.055555556,0.230769231,0.266666667,0.777777778,0.1067,0.0354,0.0151,0.0101,0.009,0.790956264,0.994382022,0.382278481,0.320634921,1.058823529,837,0.5311,0.614086574,0.7828,0.6,0.495867769,3.9269,3926.9,1.394991119,0.784469886,1.040238964,1.159776177,0.970666141,0.951162045,1.041377176,1.034744793,1.071675337,0.784469886,0.864179818
63_3C,FIR,0,2006,2115,115,1,0.057328016,1,3,29,50,29,4,1,1,1,1,1,0.5,0.0918,0.0577,0.0303,0.0038,1,1,1,1,1,1209,0.6027,1,1,1.02,1,2.9474,2947.4,1,1,1,1,1,1,1,1,1,1,1
63_3C,FIR,1,3372,3389,228,1.982608696,0.067615658,1.179452259,26,47,82,52,21,8.666666667,1.620689655,1.64,1.793103448,5.25,0.963,0.088,0.0594,0.031,0.0124,1.926,0.958605664,1.029462738,1.02310231,3.263157895,1808,0.5362,1.495450786,0.8896,0.88,0.862745098,3.091,3091,1.048720907,1.680957129,1.007088256,1.069828981,0.944140148,0.829839442,1.007438725,1.007585789,0.937494943,1.680957129,1.602364066
63_3C,FIR,2,4270,4263,341,2.965217391,0.079859485,1.393027189,30,69,95,84,63,10,2.379310345,1.9,2.896551724,15.75,0.4918,0.0873,0.063,0.0372,0.0313,0.9836,0.950980392,1.091854419,1.227722772,8.236842105,1905,0.4461,1.575682382,0.7402,0.7,0.68627451,3.6097,3609.7,1.224706521,2.128614158,1.062636353,1.118799852,0.973188149,0.891582168,1.017622149,1.006514396,0.966338494,2.128614158,2.015602837
63_3C,FIR,3,1843,1930,90,0.782608696,0.048833424,0.851824769,8,18,22,23,19,2.666666667,0.620689655,0.44,0.793103448,4.75,0.3333,0.0542,0.0309,0.0219,0.0241,0.6666,0.590413943,0.535528596,0.722772277,6.342105263,776,0.4211,0.641852771,0.6986,0.7,0.68627451,3.6296,3629.6,1.231458234,0.918743769,1.114980492,1.413992312,1.02884445,0.933658272,1.030247042,1.006705823,1.021603065,0.918743769,0.912529551
63_3C,FIR,4,2065,2229,114,0.991304348,0.055205811,0.962981363,31,28,24,23,8,10.33333333,0.965517241,0.48,0.793103448,2,0.139,0.0469,0.0281,0.0217,0.008,0.278,0.510893246,0.487001733,0.716171617,2.105263158,877,0.4247,0.725392887,0.7047,0.72,0.705882353,3.8964,3896.4,1.321978693,1.029411765,1.085191958,1.265770264,1.072249703,0.848635291,1.032752746,0.972891374,1.064702816,1.029411765,1.053900709
63_3C,FIR,5,1846,2045,96,0.834782609,0.052004334,0.907136469,9,16,27,29,15,3,0.551724138,0.54,1,3.75,0.3103,0.0559,0.044,0.0304,0.0169,0.6206,0.608932462,0.762564991,1.00330033,4.447368421,770,0.4171,0.636889992,0.6921,0.71,0.696078431,3.556,3556,1.206487073,0.920239282,1.021051242,1.193843211,1.16085311,1.301760042,1.028033247,0.954426318,1.1526826,0.920239282,0.966903073
63_3C,FIR,6,823,914,47,0.408695652,0.057108141,0.996164615,7,16,11,1,12,2.333333333,0.551724138,0.22,0.034482759,3,0.0419,0.0498,0.0375,0.002,0.0363,0.0838,0.54248366,0.649913345,0.066006601,9.552631579,346,0.4204,0.286186931,0.6976,0.6,0.588235294,3.9749,3974.9,1.348612336,0.410269192,1.033774742,0.799262413,1.060622875,0.996219888,1.033360069,0.986616522,1.053157823,0.410269192,0.4321513
63_3C,FIR,7,1162,1219,82,0.713043478,0.070567986,1.230951129,14,34,14,13,7,4.666666667,1.172413793,0.28,0.448275862,1.75,0.0782,0.0719,0.0348,0.0203,0.0134,0.1564,0.783224401,0.603119584,0.669966997,3.526315789,587,0.5052,0.485525227,0.8382,0.72,0.705882353,3.908,3908,1.325914365,0.579262213,1.107051902,1.056692583,1.211227835,0.893890593,1.008633775,0.958349453,1.20270277,0.579262213,0.576359338